ssn,first_name,last_name,email,gender,birth
874-23-9128,Brana,Tredwell,btredwell0@ask.com,Female,1974-07-26
827-56-3651,Chucho,Pinder,cpinder1@blogtalkradio.com,Male,1998-09-22
822-87-1620,Melony,Maunsell,mmaunsell2@de.vu,Female,1990-08-07
315-14-8675,Una,Crow,ucrow3@hp.com,Female,1997-10-28
373-59-9106,Ian,Winfindine,iwinfindine4@timesonline.co.uk,Male,1980-04-29
147-03-1124,Sonnie,Caseborne,scaseborne5@dagondesign.com,Female,1986-01-19
757-57-1393,Sally,Jahan,sjahan6@wsj.com,Female,1963-07-07
235-11-8719,Harris,Tague,htague7@aol.com,Male,1951-02-09
383-16-1405,Meghan,Head,mhead8@hud.gov,Female,1963-01-29
344-91-3031,Welbie,Govern,wgovern9@elegantthemes.com,Male,1968-08-28
471-14-3013,Sean,Flement,sflementa@yelp.com,Female,1958-12-09
618-84-5373,Percival,Foggo,pfoggob@deliciousdays.com,Male,1962-05-24
458-40-3267,Irita,Frissell,ifrissellc@myspace.com,Female,1976-08-19
178-46-1091,Phip,Ferry,pferryd@home.pl,Male,1943-09-07
894-92-0767,Janeta,Clotworthy,jclotworthye@squarespace.com,Female,1963-03-10
445-45-9625,Eulalie,Belin,ebelinf@lycos.com,Female,1982-05-16
344-95-3507,Dodi,Tuckley,dtuckleyg@wix.com,Female,1981-07-17
241-41-9744,Liza,Smartman,lsmartmanh@wisc.edu,Female,1964-08-22
266-95-6724,Dayna,Stoll,dstolli@cdc.gov,Female,1997-09-10
510-34-7240,Aidan,Phillipson,aphillipsonj@google.cn,Female,1968-03-03
300-07-3957,Nyssa,Gallatly,ngallatlyk@trellian.com,Female,1957-01-09
716-89-3318,Claudie,Gremain,cgremainl@domainmarket.com,Female,1995-10-13
562-54-1150,Dawn,Skingley,dskingleym@microsoft.com,Female,1991-11-23
778-61-8743,Geneva,Northern,gnorthernn@army.mil,Female,1963-06-03
500-63-2063,Binnie,Ruggles,bruggleso@mapquest.com,Female,2003-10-04
773-68-2041,Artair,Sowerbutts,asowerbuttsp@narod.ru,Male,1951-03-19
285-77-8895,Gaby,Kindley,gkindleyq@eventbrite.com,Male,1998-07-15
532-73-7422,Pavla,Strippel,pstrippelr@facebook.com,Female,2000-03-08
637-46-9994,Terrance,French,tfrenchs@rambler.ru,Male,1973-06-07
288-27-8368,Amara,Newe,anewet@hhs.gov,Female,1974-06-06
172-97-3455,Gary,MacRory,gmacroryu@statcounter.com,Male,1989-01-14
686-05-0129,Catlin,Hembery,chemberyv@plala.or.jp,Female,1997-10-22
579-37-0490,Sheffield,Lammiman,slammimanw@jimdo.com,Male,1975-12-01
794-04-0840,Rogerio,Stone Fewings,rstonefewingsx@jiathis.com,Male,1990-02-27
891-34-3429,Liliane,Presslee,lpressleey@live.com,Female,1968-01-28
325-58-8896,Gaylor,Grason,ggrasonz@oaic.gov.au,Male,1949-07-04
742-24-9246,Jordana,Slaymaker,jslaymaker10@skype.com,Female,1947-09-29
808-32-9994,Lena,Quick,lquick11@uol.com.br,Female,1980-08-22
471-29-1862,Ilario,Devas,idevas12@google.ca,Male,2002-02-26
507-13-9165,Shawn,Dudman,sdudman13@ning.com,Female,1946-10-01
360-74-7487,Sunny,Humphries,shumphries14@redcross.org,Female,1985-10-04
151-27-9673,Ruthe,Lafay,rlafay15@cornell.edu,Female,1980-11-15
221-28-3396,Evania,Whitloe,ewhitloe16@who.int,Female,1980-04-18
209-22-7995,Cecilla,Detheridge,cdetheridge17@toplist.cz,Female,1954-04-26
170-04-2665,Glory,Ollie,gollie18@myspace.com,Female,1942-08-27
240-89-3401,Jorgan,Peddel,jpeddel19@ocn.ne.jp,Male,1954-02-10
388-70-3268,Ebony,Boyes,eboyes1a@moonfruit.com,Female,1992-06-05
376-86-7202,Lothaire,Seabrook,lseabrook1b@ezinearticles.com,Male,1941-06-21
873-99-1435,Lotti,Mowson,lmowson1c@google.com,Female,1968-03-18
144-88-8871,Diarmid,Creser,dcreser1d@who.int,Male,1996-09-12
746-50-1152,Pryce,Bartolomucci,pbartolomucci1e@constantcontact.com,Male,1985-03-12
628-26-9798,Rollin,Semark,rsemark1f@bizjournals.com,Male,1940-07-24
280-70-6414,Stormie,Olcot,solcot1g@techcrunch.com,Female,1965-04-08
297-38-6638,Timmie,Askew,taskew1h@examiner.com,Female,1947-09-30
698-13-9951,Wait,Chieze,wchieze1i@webs.com,Male,1950-12-09
845-01-5654,Curtis,Dunniom,cdunniom1j@wufoo.com,Male,1997-02-01
250-01-3592,Veda,Shapcott,vshapcott1k@cnbc.com,Female,1986-09-15
597-93-4835,Katrinka,Chaston,kchaston1l@zimbio.com,Female,1953-05-27
808-23-9710,Raimondo,Redhead,rredhead1m@ebay.co.uk,Male,1980-09-28
801-96-9570,Derrik,Warr,dwarr1n@microsoft.com,Male,1969-08-16
367-92-3071,Kevyn,Shellard,kshellard1o@scribd.com,Female,1970-08-07
586-82-9301,Janna,Robertson,jrobertson1p@java.com,Female,1948-07-29
869-31-3104,Verena,Chess,vchess1q@soup.io,Female,2002-02-10
823-93-0171,Codee,Volkers,cvolkers1r@japanpost.jp,Female,1954-11-24
699-34-9620,Vassili,Raisbeck,vraisbeck1s@freewebs.com,Male,1956-10-06
212-58-9919,Debera,McLenaghan,dmclenaghan1t@livejournal.com,Female,1973-08-11
110-60-8701,Wells,Aleksandrov,waleksandrov1u@mac.com,Male,1946-07-26
719-76-6376,Deeanne,Colnett,dcolnett1v@bloomberg.com,Female,1975-12-06
451-45-5882,Torre,Gritton,tgritton1w@1und1.de,Male,1977-09-30
333-83-7107,Link,McCaffrey,lmccaffrey1x@abc.net.au,Male,1993-07-29
396-56-0298,Aubine,Scogin,ascogin1y@irs.gov,Female,1957-12-11
559-56-3812,Pepita,Aherne,paherne1z@vkontakte.ru,Female,1955-09-27
647-48-5457,Dorella,O'Glassane,doglassane20@163.com,Female,1996-05-29
892-69-9372,Maia,Laite,mlaite21@unicef.org,Female,1973-07-07
776-77-2021,Doralin,Witherspoon,dwitherspoon22@kickstarter.com,Female,1986-07-16
156-64-2231,Torrin,Waszczykowski,twaszczykowski23@miitbeian.gov.cn,Male,1952-10-30
263-43-7584,Guglielma,Kembery,gkembery24@usatoday.com,Female,1991-08-30
199-58-1811,Domenico,Crudgington,dcrudgington25@irs.gov,Male,1943-06-07
680-55-6154,Dagny,MacRorie,dmacrorie26@merriam-webster.com,Male,1972-07-28
332-50-2949,Junia,Jura,jjura27@who.int,Female,1990-03-17
619-67-4139,Nat,Ragg,nragg28@seesaa.net,Female,1987-06-10
544-33-9489,Yehudit,Rosenkranc,yrosenkranc29@51.la,Male,1991-05-03
781-96-7977,Arron,Doddrell,adoddrell2a@devhub.com,Male,2002-09-06
344-15-9160,Celestyna,Warters,cwarters2b@ftc.gov,Female,1972-01-23
756-54-7891,Allys,Goscomb,agoscomb2c@digg.com,Female,1980-05-06
236-60-1554,Sibella,Ferrarese,sferrarese2d@tiny.cc,Female,1998-10-03
398-07-3714,Leonora,Girardy,lgirardy2e@shop-pro.jp,Female,1956-07-21
779-83-8348,Dre,Cripin,dcripin2f@over-blog.com,Female,1980-05-05
834-42-7591,Lusa,Housecroft,lhousecroft2g@ihg.com,Female,1967-10-06
810-35-8107,Tanner,Peatt,tpeatt2h@angelfire.com,Male,1981-12-14
312-21-9639,Ida,Kilpin,ikilpin2i@instagram.com,Female,1969-02-18
218-05-0091,Linn,Bedborough,lbedborough2j@home.pl,Male,1964-10-14
338-94-0016,Arvie,Toulch,atoulch2k@plala.or.jp,Male,1972-12-12
538-03-0210,Missy,Boame,mboame2l@ted.com,Female,1973-04-11
552-92-9847,Tan,Austin,taustin2m@ovh.net,Male,1994-06-05
480-35-0855,Nettie,Crummay,ncrummay2n@timesonline.co.uk,Female,1963-11-07
555-17-8430,Rene,Swadden,rswadden2o@fc2.com,Male,1990-11-27
370-11-6642,Wendye,Luxton,wluxton2p@usgs.gov,Female,2001-01-11
330-49-9458,Noella,Goody,ngoody2q@nsw.gov.au,Female,1986-04-15
762-10-9750,Olivie,Farnell,ofarnell2r@narod.ru,Female,1993-11-30
264-83-0949,Inez,Hiom,ihiom2s@mediafire.com,Female,1973-05-14
228-64-9816,Blair,MacNamee,bmacnamee2t@smh.com.au,Female,1945-05-04
312-93-2493,Lebbie,Towlson,ltowlson2u@alexa.com,Female,1971-08-06
316-04-7117,Randal,Gong,rgong2v@printfriendly.com,Male,1944-01-11
166-51-2959,Raymund,Waddingham,rwaddingham2w@vinaora.com,Male,1998-01-31
880-19-8427,Cathleen,Lockley,clockley2x@ucoz.ru,Female,1996-12-25
380-48-7461,Filmer,Milella,fmilella2y@last.fm,Male,1958-02-20
157-83-3817,Dexter,Fredi,dfredi2z@imageshack.us,Male,1942-07-21
199-96-6949,Gavan,Heis,gheis30@ucsd.edu,Male,1968-02-17
361-79-6846,Gigi,MacKomb,gmackomb31@cbsnews.com,Female,1995-11-26
160-78-7537,Staci,Elcy,selcy32@over-blog.com,Female,1976-01-21
491-28-9452,Brodie,Tanser,btanser33@slashdot.org,Male,1962-12-29
587-86-1538,Rodolphe,Giffard,rgiffard34@miitbeian.gov.cn,Male,1983-07-20
593-74-0126,Henrieta,Dumper,hdumper35@wsj.com,Female,1953-11-01
745-28-5099,Wilona,Mallon,wmallon36@bloglines.com,Female,1955-05-30
181-74-7143,Samson,Doldon,sdoldon37@printfriendly.com,Male,1960-07-15
585-89-3486,Farrel,Guerrero,fguerrero38@webeden.co.uk,Male,1944-12-06
866-04-6403,Merridie,Warrener,mwarrener39@ebay.co.uk,Female,1945-03-16
218-76-9232,Johannes,Sporle,jsporle3a@behance.net,Male,1984-03-12
420-98-9130,Lizabeth,Giraudou,lgiraudou3b@cam.ac.uk,Female,1991-07-24
251-90-3837,Lorita,Primak,lprimak3c@boston.com,Female,1945-04-02
407-82-7445,Janeen,Chestle,jchestle3d@aol.com,Female,1994-04-20
424-92-8795,Christy,Antoniak,cantoniak3e@yellowbook.com,Female,1989-10-01
192-35-2163,Camilla,Sambidge,csambidge3f@oakley.com,Female,1986-08-22
809-80-4420,Valina,Glassard,vglassard3g@ebay.co.uk,Female,1992-12-02
251-53-6067,Estele,Lardier,elardier3h@ihg.com,Female,1946-10-31
800-71-9237,Gal,Saveall,gsaveall3i@opera.com,Male,1971-10-27
693-95-9931,Loella,Landall,llandall3j@ebay.com,Female,1998-06-01
120-10-3390,Rusty,Naisbitt,rnaisbitt3k@washington.edu,Male,1960-07-17
883-19-4140,Sanford,Southway,ssouthway3l@dropbox.com,Male,1995-08-16
196-53-6090,Filberte,Panting,fpanting3m@mlb.com,Male,1953-06-02
696-88-3512,Doe,Danneil,ddanneil3n@nhs.uk,Female,1959-12-05
870-32-1026,Nessi,Messiter,nmessiter3o@chicagotribune.com,Female,1968-12-18
194-40-9865,Gilbertina,Dedon,gdedon3p@godaddy.com,Female,1944-06-24
749-06-9598,Darius,Moorman,dmoorman3q@cdc.gov,Male,1997-08-06
204-26-6600,Stafford,Rawne,srawne3r@dell.com,Male,1963-05-30
167-98-3531,Cedric,Bartke,cbartke3s@baidu.com,Male,1991-08-26
360-98-3268,Florence,Tully,ftully3t@auda.org.au,Female,1992-04-09
586-44-9550,Kayle,Chatters,kchatters3u@ebay.com,Female,1989-04-04
462-59-7166,Shelley,Lowdes,slowdes3v@elegantthemes.com,Male,1966-04-06
736-06-4584,Scarlett,Sowood,ssowood3w@mapy.cz,Female,1950-12-23
664-47-4414,Edsel,Sings,esings3x@ft.com,Male,1974-02-02
494-05-6373,Pam,Laugier,plaugier3y@sina.com.cn,Female,1996-10-10
147-67-2691,Ferdinand,Booker,fbooker3z@google.com.br,Male,1953-10-29
156-66-8154,Titos,Iscowitz,tiscowitz40@creativecommons.org,Male,1970-09-02
391-46-4282,Odelia,McGriffin,omcgriffin41@1und1.de,Female,2004-09-21
169-88-3907,Nicoli,Simmank,nsimmank42@hatena.ne.jp,Female,1963-12-17
701-34-4308,Caleb,Hatton,chatton43@lulu.com,Male,1948-06-04
596-01-2370,Annadiana,Powlesland,apowlesland44@wikipedia.org,Female,2004-12-11
404-07-8243,Nowell,Erbain,nerbain45@mac.com,Male,1950-07-27
528-56-3893,Neel,Gaythor,ngaythor46@ovh.net,Male,1998-07-31
294-47-5263,Ariana,Rudiger,arudiger47@biglobe.ne.jp,Female,1997-03-14
689-86-1872,Elie,Edlyne,eedlyne48@usnews.com,Female,1987-07-11
785-12-3361,Consolata,Schubart,cschubart49@dell.com,Female,1974-03-19
293-49-0907,Bartel,Crevagh,bcrevagh4a@ehow.com,Male,2004-04-23
578-82-3904,Daryn,Matcham,dmatcham4b@ehow.com,Female,1954-05-27
849-84-7812,Gizela,Cowill,gcowill4c@narod.ru,Female,1956-12-19
161-38-9781,Waylon,Hellin,whellin4d@accuweather.com,Male,1977-06-03
324-86-2894,Tobe,Lusher,tlusher4e@vkontakte.ru,Female,1987-10-31
434-19-7500,Vaclav,Pyvis,vpyvis4f@columbia.edu,Male,1989-11-01
489-56-0140,Tracee,Menichini,tmenichini4g@sciencedaily.com,Female,1957-07-24
113-95-5240,Norbert,Tollmache,ntollmache4h@amazon.co.jp,Male,1963-08-07
853-57-8785,Thorpe,Alison,talison4i@studiopress.com,Male,1979-01-11
219-35-9656,Vince,Sansome,vsansome4j@sakura.ne.jp,Male,1988-09-21
844-29-8572,Brandy,Lideard,blideard4k@spiegel.de,Male,1983-11-26
726-67-2715,Tonya,Blodgetts,tblodgetts4l@eventbrite.com,Female,1980-11-07
855-75-1878,Joaquin,Iorns,jiorns4m@jiathis.com,Male,1976-10-21
276-55-7192,Rebeka,Screase,rscrease4n@marriott.com,Female,1961-03-28
217-76-7316,Edouard,Felix,efelix4o@sfgate.com,Male,2000-08-09
443-76-7784,Amanda,Baldwin,abaldwin4p@constantcontact.com,Female,1980-06-08
773-37-4674,Shermy,Golthorpp,sgolthorpp4q@webmd.com,Male,2003-07-23
200-96-6228,Kaleb,Hocking,khocking4r@comsenz.com,Male,1985-03-10
809-13-1295,Joyce,Aucock,jaucock4s@weebly.com,Female,1943-02-02
320-28-5810,Dyana,Cattach,dcattach4t@si.edu,Female,1992-03-07
438-67-0114,Shea,McGuggy,smcguggy4u@paginegialle.it,Male,1985-08-03
389-86-3753,Vivianne,Nisard,vnisard4v@mac.com,Female,2003-04-09
520-27-9546,Hamnet,Passby,hpassby4w@blogs.com,Male,1998-05-17
801-10-0690,Conan,Grigorian,cgrigorian4x@techcrunch.com,Male,1948-11-06
159-12-7360,Olympie,Crutcher,ocrutcher4y@twitpic.com,Female,2002-02-14
323-14-8968,Consalve,McRobert,cmcrobert4z@dagondesign.com,Male,1969-04-08
424-52-4602,Jack,De Maria,jdemaria50@harvard.edu,Male,1992-03-02
698-88-3546,Sully,Joist,sjoist51@jalbum.net,Male,1992-03-11
779-61-6042,Isa,Probyn,iprobyn52@berkeley.edu,Male,1959-10-09
183-79-8197,Devin,Payze,dpayze53@noaa.gov,Male,1959-12-28
106-90-6716,Stevana,Writer,swriter54@csmonitor.com,Female,2001-09-24
726-62-0616,Royall,Coupar,rcoupar55@slate.com,Male,1941-06-01
305-03-5722,Herschel,Roller,hroller56@printfriendly.com,Male,1985-02-20
301-94-8177,Puff,Soaper,psoaper57@xinhuanet.com,Male,1990-12-18
507-79-3926,Knox,Farrand,kfarrand58@phoca.cz,Male,1959-08-26
284-53-0531,Sharia,Wicklin,swicklin59@ebay.com,Female,1947-09-17
612-86-9981,Raff,McLemon,rmclemon5a@taobao.com,Male,1981-11-06
613-07-3449,Marjorie,Killcross,mkillcross5b@archive.org,Female,1964-10-04
293-80-2163,Van,Smallbone,vsmallbone5c@privacy.gov.au,Male,1997-06-09
670-95-4545,Whitney,Fardy,wfardy5d@sitemeter.com,Female,1955-04-04
304-69-0838,Benjy,Jacson,bjacson5e@blogger.com,Male,1962-05-11
200-73-2983,Adrian,Clelland,aclelland5f@timesonline.co.uk,Female,1959-08-25
831-43-6965,Lorrie,Massen,lmassen5g@yellowbook.com,Male,1998-06-02
147-99-7177,Claire,Foresight,cforesight5h@twitter.com,Male,1986-01-24
457-60-9398,Harriett,Pierce,hpierce5i@bloomberg.com,Female,1942-01-19
315-02-0847,Filberto,Gristhwaite,fgristhwaite5j@newyorker.com,Male,1974-05-21
795-31-6133,Tirrell,Orchard,torchard5k@webnode.com,Male,1986-06-08
425-80-3461,Diena,Reddyhoff,dreddyhoff5l@ca.gov,Female,1973-01-29
755-52-4276,Robbie,Plain,rplain5m@pcworld.com,Male,1942-07-07
455-78-7241,Curtice,Ismail,cismail5n@nhs.uk,Male,1992-10-09
808-69-4843,Rafa,Naden,rnaden5o@hatena.ne.jp,Female,1983-11-24
255-38-3270,Jeremy,Patmore,jpatmore5p@businessweek.com,Male,1967-11-21
782-43-8783,Cherye,Sharer,csharer5q@pagesperso-orange.fr,Female,1966-12-17
352-40-8802,Jodi,Welford,jwelford5r@paypal.com,Male,1981-03-03
851-54-0073,Jillane,Code,jcode5s@nature.com,Female,1950-01-14
570-90-3003,Connie,Mithon,cmithon5t@oakley.com,Female,1986-06-13
551-56-1135,Bianca,Dikles,bdikles5u@columbia.edu,Female,1994-09-01
203-90-4353,Moina,Sammonds,msammonds5v@wikimedia.org,Female,1974-01-31
420-08-3904,Felice,Trewartha,ftrewartha5w@netlog.com,Male,1980-08-12
436-98-6715,Niels,Cusiter,ncusiter5x@ezinearticles.com,Male,1977-03-24
836-11-5298,Erina,Bushaway,ebushaway5y@ftc.gov,Female,1986-06-21
738-15-3225,Clary,Crowdy,ccrowdy5z@prnewswire.com,Female,2003-06-16
423-81-8233,Vittoria,Pentercost,vpentercost60@technorati.com,Female,1986-05-10
631-04-9616,Sandye,Paintain,spaintain61@homestead.com,Female,1971-01-23
776-56-2837,Maura,Cowing,mcowing62@163.com,Female,1968-11-15
309-87-3742,Ernesto,Polfer,epolfer63@photobucket.com,Male,1970-04-01
644-03-6468,Norbie,Fitzer,nfitzer64@woothemes.com,Male,2002-10-05
359-14-3772,Marijo,Swinfon,mswinfon65@arstechnica.com,Female,1941-02-23
798-40-0984,Florinda,Frondt,ffrondt66@cargocollective.com,Female,1995-10-11
118-13-5136,Gaile,Cabrera,gcabrera67@psu.edu,Male,1964-08-01
872-23-2885,Hiram,Waterfall,hwaterfall68@furl.net,Male,1966-07-30
574-81-8458,Domeniga,Jorioz,djorioz69@hugedomains.com,Female,1949-10-06
256-58-2747,Saxe,Goodridge,sgoodridge6a@booking.com,Male,1972-04-22
268-49-2606,Tab,Thorley,tthorley6b@rakuten.co.jp,Male,1975-12-28
250-37-5464,Sandye,Menilove,smenilove6c@godaddy.com,Female,1954-10-24
642-79-3175,Osbert,Paulley,opaulley6d@wix.com,Male,1996-04-22
184-28-2141,Meggi,Ratledge,mratledge6e@behance.net,Female,1998-02-16
149-96-1933,Barbabra,Raun,braun6f@opensource.org,Female,1993-07-26
391-59-2064,Meridith,Beecham,mbeecham6g@e-recht24.de,Female,1981-12-09
451-60-0651,Jeno,Lealle,jlealle6h@homestead.com,Male,1966-12-21
623-80-8657,Antonino,McClaurie,amcclaurie6i@symantec.com,Male,1972-06-02
277-16-2044,Cammi,Methuen,cmethuen6j@usgs.gov,Female,1994-09-21
249-16-9554,Hamid,Andriulis,handriulis6k@blogtalkradio.com,Male,1953-07-12
894-91-2580,Ira,Dightham,idightham6l@topsy.com,Male,1968-11-02
622-94-1500,Winona,Imlaw,wimlaw6m@artisteer.com,Female,1988-08-03
752-81-6484,Ammamaria,Zanolli,azanolli6n@skype.com,Female,2004-05-21
186-15-2515,Edgard,Londors,elondors6o@bigcartel.com,Male,2001-08-28
822-01-8987,Isidore,Lukehurst,ilukehurst6p@yale.edu,Male,1946-04-29
282-92-4910,Pammie,Paviour,ppaviour6q@smh.com.au,Female,1988-01-08
206-50-7493,Pippa,Hazelhurst,phazelhurst6r@google.co.uk,Female,1942-04-11
654-08-9558,Griff,Manssuer,gmanssuer6s@loc.gov,Male,1983-01-22
516-89-0328,Cordy,Willcott,cwillcott6t@sohu.com,Female,1960-04-09
309-43-2201,Jane,Beamond,jbeamond6u@pbs.org,Female,2003-06-29
377-33-0102,Sallyanne,Schutze,sschutze6v@behance.net,Female,1987-02-07
509-60-5206,Osmund,Grishmanov,ogrishmanov6w@shareasale.com,Male,1954-03-17
756-85-7464,Annabella,Hickeringill,ahickeringill6x@google.fr,Female,1986-12-02
260-04-3245,Catlin,Dumbrall,cdumbrall6y@auda.org.au,Female,2000-02-26
757-47-1694,Kayley,Halfacre,khalfacre6z@state.tx.us,Female,1947-01-27
122-21-9217,Marcelline,McDonell,mmcdonell70@dropbox.com,Female,1999-06-20
882-90-0922,Jennine,Lucian,jlucian71@un.org,Female,1987-01-12
710-95-9427,Noreen,Bacup,nbacup72@elegantthemes.com,Female,1994-06-26
476-49-3771,Dorelia,Atlee,datlee73@google.com.au,Female,1951-02-16
601-45-3388,Chan,Heales,cheales74@squarespace.com,Male,1952-10-01
633-32-1581,Isahella,Finby,ifinby75@ibm.com,Female,1944-09-18
840-37-6430,Giana,Furlong,gfurlong76@aol.com,Female,1958-03-08
219-64-2875,Malinda,McRavey,mmcravey77@exblog.jp,Female,1945-09-03
165-34-3651,Zeke,Olin,zolin78@blogs.com,Male,1956-01-01
664-85-0978,Pietra,Abrahamowitcz,pabrahamowitcz79@scientificamerican.com,Female,1945-04-10
388-73-0671,Arluene,Rafe,arafe7a@nationalgeographic.com,Female,1948-06-30
141-30-0637,Archaimbaud,Fylan,afylan7b@themeforest.net,Male,1999-07-16
704-50-1666,Jessey,Bromwich,jbromwich7c@indiatimes.com,Male,1947-05-08
399-15-8119,Herrick,Menpes,hmenpes7d@nsw.gov.au,Male,1987-05-15
118-52-3592,Zarla,Eyton,zeyton7e@fema.gov,Female,1989-02-24
849-17-5057,Nikolos,Byram,nbyram7f@cornell.edu,Male,1984-07-12
394-93-6867,Xerxes,Hutchens,xhutchens7g@stanford.edu,Male,1999-08-29
585-90-1419,Zack,Corballis,zcorballis7h@naver.com,Male,1993-10-30
458-15-5167,Ruddy,Biskup,rbiskup7i@usgs.gov,Male,1950-10-06
801-34-7161,Aristotle,Vanyatin,avanyatin7j@umn.edu,Male,1986-02-26
400-63-5960,Mata,Shervil,mshervil7k@ucsd.edu,Male,1981-10-23
802-10-8823,Florri,Warrener,fwarrener7l@wikimedia.org,Female,1975-12-04
577-87-3212,Enos,Spuner,espuner7m@nature.com,Male,2000-02-20
522-33-4210,Kaycee,Nutbeam,knutbeam7n@cnet.com,Female,1993-04-29
331-84-0194,Vittoria,Abramovitz,vabramovitz7o@cbslocal.com,Female,1962-05-18
161-09-5213,Ediva,Gateman,egateman7p@sohu.com,Female,1950-10-29
518-70-7226,Wileen,Soffe,wsoffe7q@admin.ch,Female,1968-09-17
560-76-1473,Judd,Mughal,jmughal7r@hugedomains.com,Male,1967-10-23
365-79-9238,Eben,Hartshorn,ehartshorn7s@cloudflare.com,Male,1972-07-12
606-29-0321,Kara,Tattershall,ktattershall7t@oracle.com,Female,1971-08-24
216-77-4621,Lawry,Goymer,lgoymer7u@businessweek.com,Male,1959-02-05
795-58-9743,Orton,Coope,ocoope7v@hc360.com,Male,1988-03-12
759-10-4332,Forster,McRobb,fmcrobb7w@clickbank.net,Male,1951-04-06
799-12-7033,Fidelity,Dever,fdever7x@google.cn,Female,1977-10-15
651-02-8252,Heinrik,Cockran,hcockran7y@home.pl,Male,1985-02-27
608-80-1776,Jesus,Benko,jbenko7z@plala.or.jp,Male,2000-06-12
474-78-3035,Devinne,Barkas,dbarkas80@oaic.gov.au,Female,1970-03-28
593-34-8287,Jeannette,Prettyjohns,jprettyjohns81@eventbrite.com,Female,1985-11-05
194-83-3876,Cristiano,Graddell,cgraddell82@nationalgeographic.com,Male,1974-07-09
229-76-6248,Nyssa,Etridge,netridge83@businessweek.com,Female,2000-02-11
593-21-3740,Bentley,Bradane,bbradane84@exblog.jp,Male,1993-08-05
754-92-0936,Findley,Bagby,fbagby85@webs.com,Male,1980-09-11
376-13-4568,Roland,Lefley,rlefley86@sciencedaily.com,Male,1983-10-29
260-17-6308,Annadiana,Frangello,afrangello87@newsvine.com,Female,1956-10-09
524-07-1825,Morly,Meere,mmeere88@printfriendly.com,Male,1973-04-02
313-81-1022,Martie,Beveredge,mbeveredge89@uiuc.edu,Male,1965-05-16
776-90-7200,Anne-marie,Twinborough,atwinborough8a@prlog.org,Female,1948-02-20
532-27-1544,Isa,Glynne,iglynne8b@parallels.com,Male,1979-04-02
840-57-3704,Willyt,Goodley,wgoodley8c@umich.edu,Female,1964-01-18
207-59-9999,Jan,Picopp,jpicopp8d@msu.edu,Male,1998-04-20
690-95-0253,Corliss,Willbourne,cwillbourne8e@google.cn,Female,1975-10-05
559-67-3440,Sukey,Heinzel,sheinzel8f@un.org,Female,2000-07-30
865-05-1498,Berny,Bartkowiak,bbartkowiak8g@java.com,Male,1962-06-08
227-31-3125,Ronda,Luckman,rluckman8h@boston.com,Female,1951-01-20
257-59-5051,Alvan,Terbrug,aterbrug8i@sitemeter.com,Male,1963-12-23
866-56-6456,Elyse,Elbourn,eelbourn8j@jugem.jp,Female,1991-02-14
753-13-8637,Dedra,Aylott,daylott8k@smugmug.com,Female,1968-07-07
794-21-6593,Guss,Kinton,gkinton8l@house.gov,Male,1992-06-08
664-43-5661,Keslie,Wilgar,kwilgar8m@psu.edu,Female,1999-04-20
407-89-9436,Jordanna,Shemilt,jshemilt8n@eepurl.com,Female,1952-02-02
641-59-9329,Dugald,MacCrann,dmaccrann8o@netscape.com,Male,1976-06-18
489-05-5249,Skell,Cansfield,scansfield8p@mtv.com,Male,1942-09-11
490-39-4773,Sal,Paxman,spaxman8q@discuz.net,Male,1975-08-23
656-64-0690,Wini,Appleyard,wappleyard8r@jiathis.com,Female,1969-03-24
101-07-4942,Hedvig,Dargie,hdargie8s@si.edu,Female,2002-10-07
140-97-9036,Garrik,Fleay,gfleay8t@digg.com,Male,2004-12-21
277-04-0020,Rip,Johantges,rjohantges8u@storify.com,Male,1945-03-18
263-72-4799,Art,Cassel,acassel8v@feedburner.com,Male,1944-07-26
824-37-2718,Christoper,Buckingham,cbuckingham8w@cbc.ca,Male,1945-10-05
155-44-0220,Davon,Paoli,dpaoli8x@seesaa.net,Male,1988-05-30
847-46-9466,Harmon,Watkiss,hwatkiss8y@seesaa.net,Male,1959-04-11
326-77-5993,Paxton,Treadgold,ptreadgold8z@artisteer.com,Male,2000-08-18
344-35-9435,Ferdinande,Thackham,fthackham90@pinterest.com,Female,1974-01-24
460-48-3381,Lauren,Margaritelli,lmargaritelli91@foxnews.com,Female,1986-11-12
356-85-9182,Felice,Guwer,fguwer92@rediff.com,Male,1971-03-01
535-43-1514,Tabbie,Simmank,tsimmank93@pagesperso-orange.fr,Female,1972-08-09
417-04-9351,Nicolette,Ahern,nahern94@opensource.org,Female,1963-12-13
102-60-0689,Kennett,Voice,kvoice95@twitpic.com,Male,1963-04-23
647-49-7670,Hurleigh,Geeritz,hgeeritz96@patch.com,Male,1985-07-30
651-20-7436,Geoff,Linnemann,glinnemann97@census.gov,Male,1960-04-16
263-35-7571,Sig,Kay,skay98@pbs.org,Male,2004-11-13
534-68-7497,Alistair,Mirams,amirams99@earthlink.net,Male,2004-03-27
553-74-0189,Sanson,Dimanche,sdimanche9a@berkeley.edu,Male,1973-10-06
259-40-8474,Ajay,Doe,adoe9b@geocities.jp,Female,1992-02-28
567-40-7960,Cassy,Rouf,crouf9c@blogtalkradio.com,Female,1958-06-15
113-43-7989,Mariellen,Firmin,mfirmin9d@marketwatch.com,Female,1965-11-21
595-73-3010,Anestassia,Epsley,aepsley9e@gizmodo.com,Female,2001-03-09
877-51-4476,Pat,Walcher,pwalcher9f@amazon.de,Male,1995-11-18
338-10-7089,Colline,Cypler,ccypler9g@narod.ru,Female,1982-06-25
531-61-7590,Arney,Charge,acharge9h@behance.net,Male,1947-12-17
795-97-0327,Rhonda,Polk,rpolk9i@cocolog-nifty.com,Female,1978-09-25
760-94-9867,Camille,Chicken,cchicken9j@uol.com.br,Female,1965-10-07
434-62-5047,Kinnie,Pitrasso,kpitrasso9k@businessweek.com,Male,1941-12-24
598-20-0880,Franciska,Boughtflower,fboughtflower9l@wiley.com,Female,1947-06-04
880-27-8313,Fanchon,Leupold,fleupold9m@myspace.com,Female,1952-07-12
672-91-7094,Dagny,Goadbie,dgoadbie9n@tinypic.com,Male,1980-07-29
476-14-6581,Job,Mustin,jmustin9o@marriott.com,Male,1970-07-05
569-36-7354,Kassie,Pumfrey,kpumfrey9p@pinterest.com,Female,1943-04-20
360-08-1312,Denyse,Mordecai,dmordecai9q@twitpic.com,Female,1999-07-24
742-75-4684,Garrek,Vaney,gvaney9r@list-manage.com,Male,1941-07-14
118-48-7073,Torrin,Brion,tbrion9s@mysql.com,Male,1951-07-08
403-89-3696,Myrle,Saich,msaich9t@discovery.com,Female,2005-04-01
672-61-8025,Rudd,Breffitt,rbreffitt9u@symantec.com,Male,1978-10-02
773-51-8440,Laney,Bugg,lbugg9v@ftc.gov,Male,1950-04-15
260-23-1801,Sanders,Bloss,sbloss9w@ca.gov,Male,1962-07-19
443-63-3190,Katharine,Durbann,kdurbann9x@google.com.br,Female,1979-12-25
698-09-7022,Kikelia,Cawthry,kcawthry9y@odnoklassniki.ru,Female,1993-10-06
551-86-3855,Bobette,Splevings,bsplevings9z@stumbleupon.com,Female,1982-09-12
818-98-0783,Millicent,Germann,mgermanna0@java.com,Female,1978-07-19
830-31-6590,Gibby,Dullingham,gdullinghama1@domainmarket.com,Male,1993-01-07
834-28-2571,Laurent,Buney,lbuneya2@opensource.org,Male,1966-10-22
114-54-3474,Erinn,Pinnigar,epinnigara3@cmu.edu,Female,1943-08-05
794-13-2791,Troy,Aggott,taggotta4@lulu.com,Male,1961-05-14
192-68-9427,Denney,Liverock,dliverocka5@exblog.jp,Male,1944-03-20
740-88-3176,Mike,Harbinson,mharbinsona6@wikispaces.com,Male,1959-07-13
671-78-5693,Brody,Samett,bsametta7@upenn.edu,Male,1976-02-14
795-47-0128,Kipper,Coney,kconeya8@ycombinator.com,Male,1965-07-22
495-32-4817,Shannah,Dahmke,sdahmkea9@un.org,Female,1976-04-29
381-47-7358,Ginger,Bedham,gbedhamaa@hostgator.com,Female,1946-10-18
851-29-9330,Lura,O'Reagan,loreaganab@google.it,Female,1980-08-17
581-28-1980,Vincents,O' Sullivan,vosullivanac@youku.com,Male,2004-08-25
478-96-9028,Seth,Giacomazzo,sgiacomazzoad@usgs.gov,Male,1990-03-16
676-90-9143,Camala,Coppo,ccoppoae@360.cn,Female,1998-02-06
344-16-4343,Ruperta,Tombleson,rtomblesonaf@yolasite.com,Female,1959-04-02
674-37-4748,Claresta,Ezzell,cezzellag@liveinternet.ru,Female,2003-05-24
285-56-0812,Silvie,Grigore,sgrigoreah@flavors.me,Female,1982-06-10
401-44-7303,Scarlett,Sunley,ssunleyai@youku.com,Female,1954-02-17
398-11-3818,Franchot,Littlekit,flittlekitaj@blogtalkradio.com,Male,1963-11-29
307-68-1718,Hank,Cuncarr,hcuncarrak@creativecommons.org,Male,1992-02-18
262-41-4000,Teodoor,Sparhawk,tsparhawkal@facebook.com,Male,2004-10-16
105-07-4240,Alvis,Milland,amillandam@mayoclinic.com,Male,2002-07-23
478-76-9592,Hayes,Farncombe,hfarncombean@storify.com,Male,1950-06-28
324-99-4883,Hilary,Peddowe,hpeddoweao@shareasale.com,Male,1971-01-25
888-81-7822,Joelie,Fysh,jfyshap@simplemachines.org,Female,1990-06-19
853-32-9123,Marne,Dowson,mdowsonaq@baidu.com,Female,1986-11-18
862-64-5339,Edsel,Hubbold,ehubboldar@imageshack.us,Male,2001-10-17
414-29-3265,Nonnah,Blaszkiewicz,nblaszkiewiczas@earthlink.net,Female,1978-01-15
448-50-4295,Nedda,Robertazzi,nrobertazziat@liveinternet.ru,Female,1963-09-05
637-55-8083,Weidar,Durdy,wdurdyau@answers.com,Male,1974-10-28
758-98-4668,Rozalin,Behnen,rbehnenav@dyndns.org,Female,1969-07-23
763-97-4913,Marthe,Esche,mescheaw@theguardian.com,Female,1966-08-27
801-64-9942,Bonnibelle,Arnot,barnotax@biblegateway.com,Female,1959-02-18
706-11-2031,Shell,Gerauld,sgeraulday@ning.com,Male,1958-09-10
495-91-8722,Lionello,Cowely,lcowelyaz@google.ru,Male,1958-12-18
876-75-7278,Carroll,Hann,channb0@newsvine.com,Male,1995-08-23
149-77-8535,Audie,Furmonger,afurmongerb1@blogspot.com,Female,1988-02-13
195-38-4826,Yolane,Tubble,ytubbleb2@pinterest.com,Female,1981-05-04
217-31-5238,Monte,Kleinhausen,mkleinhausenb3@123-reg.co.uk,Male,1973-08-30
514-42-9049,Tris,Dumbreck,tdumbreckb4@rambler.ru,Male,1996-11-12
705-87-1978,Yorke,Kaysor,ykaysorb5@wsj.com,Male,1992-03-24
110-88-5729,Isabel,Bird,ibirdb6@usatoday.com,Female,1963-11-13
597-65-5756,Guthry,Thynne,gthynneb7@is.gd,Male,1973-11-21
688-41-6712,Dill,Merrell,dmerrellb8@myspace.com,Male,1944-10-14
362-23-9068,Wilden,Scotchmoor,wscotchmoorb9@dmoz.org,Male,1941-06-09
311-81-8647,Grant,le Keux,glekeuxba@icq.com,Male,2002-03-21
503-38-5913,Konstance,Cruce,kcrucebb@sogou.com,Female,1978-01-04
422-99-6448,Cathyleen,Tourot,ctourotbc@alibaba.com,Female,1977-09-13
402-19-3756,Jackie,Gartell,jgartellbd@eventbrite.com,Female,1991-12-24
672-89-0435,Sibyl,Wadly,swadlybe@techcrunch.com,Male,1969-03-04
581-25-7062,Dahlia,Wingham,dwinghambf@blogspot.com,Female,1999-05-25
747-42-0287,Shelley,Beach,sbeachbg@naver.com,Male,1954-05-11
734-12-8238,Abbye,Blinerman,ablinermanbh@exblog.jp,Female,1950-11-21
629-16-6187,Jules,Keemer,jkeemerbi@narod.ru,Male,1993-01-23
261-79-3642,Rodina,McPeake,rmcpeakebj@vistaprint.com,Female,1959-07-13
160-23-1068,Sarah,Baile,sbailebk@sciencedirect.com,Female,1967-04-03
595-12-0113,Elberta,Sunman,esunmanbl@biglobe.ne.jp,Female,1941-11-22
596-83-4370,Armando,Frampton,aframptonbm@google.com.au,Male,1961-03-24
695-22-8787,Kriste,Reese,kreesebn@youtube.com,Female,1990-09-29
544-19-9791,Mortie,Twining,mtwiningbo@theglobeandmail.com,Male,1991-03-10
665-62-9292,Ardenia,Warrener,awarrenerbp@utexas.edu,Female,1966-08-02
248-28-0262,Iver,Shireff,ishireffbq@craigslist.org,Male,1967-01-17
871-74-4544,Giffie,Stichel,gstichelbr@fda.gov,Male,1979-10-30
778-07-3251,Elnora,Markl,emarklbs@angelfire.com,Female,1942-08-08
814-91-1623,Lauree,Tallman,ltallmanbt@europa.eu,Female,1962-10-25
197-40-4735,Guthry,Berresford,gberresfordbu@ted.com,Male,1962-10-13
391-70-2318,Phineas,Binning,pbinningbv@livejournal.com,Male,1960-12-22
222-38-1779,Cristionna,Blabey,cblabeybw@ezinearticles.com,Female,1969-01-22
107-07-0514,Harrietta,Gollard,hgollardbx@free.fr,Female,1959-08-21
416-82-9676,Nealson,Vaux,nvauxby@constantcontact.com,Male,1975-04-09
650-53-1669,Evaleen,Simenon,esimenonbz@nymag.com,Female,1962-03-09
779-62-7527,Beulah,Duprey,bdupreyc0@storify.com,Female,1958-09-07
850-82-4761,Rachel,Terrell,rterrellc1@sbwire.com,Female,1982-05-31
205-68-9326,Jennica,Kleeman,jkleemanc2@alexa.com,Female,1982-08-15
395-10-9686,Marieann,Kubczak,mkubczakc3@multiply.com,Female,1996-02-13
650-01-8620,Tobin,Salerg,tsalergc4@loc.gov,Male,1949-12-26
863-28-3299,Jo,Morat,jmoratc5@sakura.ne.jp,Female,1948-12-06
880-74-8724,Jarrett,Jozsika,jjozsikac6@biglobe.ne.jp,Male,1964-09-01
489-03-8295,Kaspar,Bridgett,kbridgettc7@blog.com,Male,1960-03-12
574-10-7679,Gabriele,Bruster,gbrusterc8@imdb.com,Male,1950-05-19
701-35-4278,Michale,O'Noulane,monoulanec9@cbc.ca,Male,1969-07-12
492-12-0865,Tonye,Vergo,tvergoca@123-reg.co.uk,Female,1955-12-12
664-15-2783,Carmina,Shillito,cshillitocb@purevolume.com,Female,1984-01-12
142-09-9825,Vanessa,Barendtsen,vbarendtsencc@prweb.com,Female,1940-12-26
835-28-3949,Barnett,Minshall,bminshallcd@umich.edu,Male,1997-07-01
481-01-9064,Hall,Pilkington,hpilkingtonce@about.me,Male,1967-06-06
384-73-8485,Mitchell,Billison,mbillisoncf@spiegel.de,Male,1987-10-30
502-18-9558,Christoffer,Pabelik,cpabelikcg@census.gov,Male,1975-10-27
415-47-5610,Parsifal,Dimbylow,pdimbylowch@clickbank.net,Male,1957-02-16
401-85-9657,Bruis,Ianiello,bianielloci@slate.com,Male,1946-08-28
685-07-2087,Tildi,Rycroft,trycroftcj@howstuffworks.com,Female,1996-08-30
500-40-9252,Ulberto,Valencia,uvalenciack@godaddy.com,Male,2005-04-29
654-01-2073,Jeni,McKern,jmckerncl@tamu.edu,Female,1943-07-04
647-86-2166,Aprilette,Penswick,apenswickcm@businesswire.com,Female,1949-07-12
211-82-8434,Hamlin,Pobjoy,hpobjoycn@sina.com.cn,Male,1963-05-17
590-78-5512,Lucina,Matthisson,lmatthissonco@cloudflare.com,Female,2003-05-02
557-76-7617,Paulita,Nairns,pnairnscp@dell.com,Female,1974-06-24
473-65-9825,Christoforo,Liccardo,cliccardocq@nytimes.com,Male,2005-01-27
300-08-6874,Drucy,Gulston,dgulstoncr@dropbox.com,Female,1980-11-20
783-54-7828,Lucky,Tyrer,ltyrercs@cocolog-nifty.com,Female,1989-04-10
521-74-4834,Dino,Suatt,dsuattct@w3.org,Male,1948-01-11
704-87-2137,Maureen,Padberry,mpadberrycu@whitehouse.gov,Female,1957-06-15
778-64-1126,Alaine,Govey,agoveycv@intel.com,Female,1991-01-22
126-53-0413,Francoise,Walentynowicz,fwalentynowiczcw@github.io,Female,2002-06-07
561-32-9488,Chickie,Planks,cplankscx@parallels.com,Male,1969-06-24
336-32-3500,Nollie,Whannel,nwhannelcy@cafepress.com,Female,1953-07-28
583-25-9306,Kippy,Haslin,khaslincz@sciencedirect.com,Female,1962-10-24
857-72-6309,Wakefield,Whillock,wwhillockd0@miitbeian.gov.cn,Male,1955-04-23
639-09-7843,Giraldo,Bartolacci,gbartolaccid1@domainmarket.com,Male,1993-01-18
133-93-1977,Tomasine,Stickney,tstickneyd2@stumbleupon.com,Female,1981-09-09
756-66-7079,Frasco,Holley,fholleyd3@purevolume.com,Male,1992-06-04
131-28-7571,Blake,Kops,bkopsd4@freewebs.com,Female,1960-06-08
217-83-6705,Tan,Alenin,talenind5@nbcnews.com,Male,1975-02-25
545-60-1452,Kellby,Bleakman,kbleakmand6@narod.ru,Male,2000-09-14
446-73-2591,Gunter,Goodhand,ggoodhandd7@geocities.com,Male,1991-08-16
872-74-8617,Faustine,Cure,fcured8@independent.co.uk,Female,2003-02-13
444-48-4371,Terence,Baume,tbaumed9@delicious.com,Male,1959-07-21
546-51-0144,Inessa,Kesten,ikestenda@prnewswire.com,Female,1947-09-10
480-99-1766,Martino,Duffree,mduffreedb@github.com,Male,1957-12-30
371-98-5651,Andie,Lemme,alemmedc@hugedomains.com,Male,1966-02-04
757-27-4076,Amelie,Aingel,aaingeldd@usnews.com,Female,1987-11-11
634-14-8794,Letitia,Gullefant,lgullefantde@google.com.br,Female,1944-09-14
519-78-6880,Salmon,Scally,sscallydf@privacy.gov.au,Male,1987-06-21
729-60-8310,Kaia,Gaul,kgauldg@comcast.net,Female,1973-12-17
175-91-2648,Katherine,Piddletown,kpiddletowndh@narod.ru,Female,1998-12-17
373-60-5239,Lacy,Pietrowicz,lpietrowiczdi@nps.gov,Female,1973-03-28
544-47-2847,Jarrad,Corballis,jcorballisdj@theguardian.com,Male,1999-04-19
159-12-1641,Clint,Gilman,cgilmandk@census.gov,Male,1984-12-04
659-85-6566,Angelica,Romanini,aromaninidl@nih.gov,Female,1974-01-22
498-07-9115,Berti,Fossey,bfosseydm@archive.org,Male,1968-06-19
257-66-8018,Nanon,Pepineaux,npepineauxdn@sun.com,Female,1994-05-11
345-19-1291,Napoleon,Skewes,nskewesdo@amazon.de,Male,1973-02-21
473-94-4358,Sandor,Cocklie,scockliedp@liveinternet.ru,Male,1948-02-29
386-78-9585,Eward,Cowndley,ecowndleydq@deliciousdays.com,Male,1969-07-01
392-21-5404,Lowell,Klaaasen,lklaaasendr@artisteer.com,Male,1944-10-15
408-41-0966,Brod,Stollwerk,bstollwerkds@opera.com,Male,1941-04-05
128-46-9908,Adelina,Fidock,afidockdt@miitbeian.gov.cn,Female,1964-01-18
710-31-3676,Cyndie,Conford,cconforddu@multiply.com,Female,1985-12-23
624-39-4549,Emalee,Dennitts,edennittsdv@msu.edu,Female,1965-11-11
760-25-3257,Nye,Duncan,nduncandw@shutterfly.com,Male,1979-02-15
571-68-2583,Ruperto,Krzysztofiak,rkrzysztofiakdx@aol.com,Male,1977-04-01
373-27-1420,Meggi,Ofener,mofenerdy@so-net.ne.jp,Female,1968-10-12
374-95-9453,Frayda,Lohmeyer,flohmeyerdz@tuttocitta.it,Female,1961-09-11
779-76-9853,Fax,Fawlkes,ffawlkese0@harvard.edu,Male,1967-07-12
276-63-2730,Kinsley,Giffon,kgiffone1@cloudflare.com,Male,1991-11-09
193-28-4277,Kent,Knight,kknighte2@senate.gov,Male,2001-06-29
310-57-5732,Simona,Meegan,smeegane3@prweb.com,Female,1942-11-06
827-80-5132,Theodora,Ordish,tordishe4@arstechnica.com,Female,1992-01-14
346-21-7079,Ruby,Woolager,rwoolagere5@163.com,Male,1951-05-07
454-59-4257,Sydel,Milward,smilwarde6@csmonitor.com,Female,1995-07-30
459-66-6143,Mattheus,Aronstein,maronsteine7@google.ca,Male,1970-06-02
764-96-6521,Anatole,Fillgate,afillgatee8@cisco.com,Male,1958-02-09
290-13-2027,Kerwin,Kidson,kkidsone9@tamu.edu,Male,1987-05-28
158-87-2720,Vikky,Coenraets,vcoenraetsea@oracle.com,Female,1942-06-11
106-50-8565,Deanna,Giacomello,dgiacomelloeb@yahoo.co.jp,Female,1945-06-13
788-66-2872,Laraine,Figgess,lfiggessec@amazon.de,Female,1986-07-25
832-97-6332,Christoper,Tunnoch,ctunnoched@comsenz.com,Male,1994-07-20
490-30-8556,Nevile,Gaize,ngaizeee@guardian.co.uk,Male,1941-11-10
812-06-2809,Saba,Tennant,stennantef@spotify.com,Female,1991-10-29
851-34-8561,Susanne,Fulks,sfulkseg@xinhuanet.com,Female,1975-07-30
351-29-3837,Francine,Dominiak,fdominiakeh@odnoklassniki.ru,Female,1986-08-01
803-54-3114,Rica,Churchward,rchurchwardei@wordpress.com,Female,1950-07-09
756-42-2180,Nancy,Duddle,nduddleej@reference.com,Female,1944-04-29
759-60-0009,Fin,Gedge,fgedgeek@sun.com,Male,1974-02-01
610-86-2052,Lorenza,Hiorn,lhiornel@newyorker.com,Female,1959-02-14
391-98-2598,Lester,Haylands,lhaylandsem@quantcast.com,Male,1998-12-27
663-40-9275,Charmian,Rosedale,crosedaleen@engadget.com,Female,1978-01-14
734-57-0626,Torey,Barby,tbarbyeo@usatoday.com,Male,1976-07-19
272-69-4273,Maddalena,Cape,mcapeep@plala.or.jp,Female,1943-05-19
743-67-3227,Jerrold,Stoneman,jstonemaneq@liveinternet.ru,Male,1957-05-03
599-19-7454,Court,Howels,chowelser@scribd.com,Male,1960-01-29
394-10-5669,Sigismundo,Kinney,skinneyes@un.org,Male,1950-01-14
387-66-3140,Nesta,Dedenham,ndedenhamet@fda.gov,Female,1970-11-30
532-63-9840,Orren,Macrow,omacroweu@adobe.com,Male,1990-01-24
474-60-2844,Blakeley,Roddan,broddanev@ebay.co.uk,Female,2005-03-10
540-06-2209,Pauline,Bramstom,pbramstomew@domainmarket.com,Female,1998-01-03
486-42-4196,Ellyn,Annable,eannableex@miibeian.gov.cn,Female,1995-01-28
830-15-7258,Francisca,Dougill,fdougilley@vistaprint.com,Female,1966-11-20
208-45-8350,Lynnelle,McMeekin,lmcmeekinez@weather.com,Female,2001-03-15
490-19-3020,Viole,Sorton,vsortonf0@lulu.com,Female,1950-06-19
334-38-9167,Dorry,Winsborrow,dwinsborrowf1@dropbox.com,Female,1963-01-04
784-74-1336,Rowan,Tanfield,rtanfieldf2@list-manage.com,Male,1999-06-06
742-49-0818,Ignatius,Van Salzberger,ivansalzbergerf3@seesaa.net,Male,1998-07-20
831-37-3152,Orazio,Geraldini,ogeraldinif4@oaic.gov.au,Male,1984-04-15
520-95-7538,Myrle,Scurrer,mscurrerf5@goo.ne.jp,Female,1943-02-16
728-96-0459,Mitchael,Hulme,mhulmef6@globo.com,Male,1954-01-05
367-05-9342,Oralee,Sanday,osandayf7@hatena.ne.jp,Female,2002-05-23
519-96-3243,Vanda,Fairchild,vfairchildf8@photobucket.com,Female,1998-02-01
504-61-2552,Flinn,Deuss,fdeussf9@reverbnation.com,Male,2004-08-07
828-10-6983,Warde,Petr,wpetrfa@51.la,Male,1997-03-02
526-63-0780,Ingemar,Scown,iscownfb@wikimedia.org,Male,1988-08-18
238-87-5027,Daveen,Balchin,dbalchinfc@archive.org,Female,1951-11-01
723-61-0315,Susanetta,Coram,scoramfd@imdb.com,Female,1981-12-19
570-58-4907,Kimble,Cankett,kcankettfe@odnoklassniki.ru,Male,1982-11-06
868-71-2693,Carline,Mollnar,cmollnarff@uol.com.br,Female,1958-10-30
423-24-1636,Koral,McVie,kmcviefg@squarespace.com,Female,1971-12-08
446-39-6142,Melisenda,Stiller,mstillerfh@theguardian.com,Female,1957-09-07
327-81-3462,Clerissa,Gobbett,cgobbettfi@nasa.gov,Female,1970-08-30
307-73-9819,Dall,Archell,darchellfj@etsy.com,Male,1992-03-02
586-96-0840,Kingsly,Sobtka,ksobtkafk@ameblo.jp,Male,1949-12-05
334-97-5538,Sayre,Teather,steatherfl@pinterest.com,Male,1944-02-18
397-66-1066,Iormina,Hampshaw,ihampshawfm@alibaba.com,Female,1981-10-04
659-09-4308,Kimberly,Vinden,kvindenfn@cbc.ca,Female,1950-06-07
351-60-3371,Nani,Cowtherd,ncowtherdfo@examiner.com,Female,1950-01-18
145-10-9548,Niccolo,Matts,nmattsfp@unc.edu,Male,1961-07-27
465-46-7570,Kory,Kerwood,kkerwoodfq@ifeng.com,Male,2000-05-17
581-02-7123,Auguste,Dunbobin,adunbobinfr@wikipedia.org,Female,1991-08-19
287-77-1840,Modestia,La Vigne,mlavignefs@vinaora.com,Female,1966-06-24
355-46-8991,Carolee,Rasp,craspft@mozilla.org,Female,1991-09-15
618-05-4968,Daryle,Oxnam,doxnamfu@cbc.ca,Male,1994-07-04
357-15-0718,Bevan,Linny,blinnyfv@infoseek.co.jp,Male,1968-12-25
789-62-8944,Kristel,Clash,kclashfw@boston.com,Female,1992-03-14
423-62-0830,Sherwood,Cuolahan,scuolahanfx@typepad.com,Male,1999-05-13
411-15-7133,Joachim,Waylett,jwaylettfy@drupal.org,Male,1968-04-12
399-99-5549,Quinn,Gayler,qgaylerfz@weibo.com,Male,1999-09-15
468-10-9217,Damon,Grigg,dgriggg0@sbwire.com,Male,1963-08-29
192-82-3042,Lane,Cakebread,lcakebreadg1@devhub.com,Female,1955-07-18
677-61-0182,Cy,Atger,catgerg2@eventbrite.com,Male,1996-11-14
871-09-5572,Berni,Dahle,bdahleg3@angelfire.com,Female,1953-03-04
270-46-6992,Sidnee,Mullett,smullettg4@drupal.org,Male,1951-08-19
365-08-9293,Trever,Ritmeyer,tritmeyerg5@fastcompany.com,Male,1983-04-13
741-91-8474,Nessa,Brabender,nbrabenderg6@ucla.edu,Female,1989-12-13
660-53-0984,Dorotea,Sayer,dsayerg7@auda.org.au,Female,1998-01-02
695-67-2773,Guillema,Aldins,galdinsg8@facebook.com,Female,1945-07-06
453-40-9565,Mayor,Hasluck,mhasluckg9@lycos.com,Male,1954-10-12
826-93-9516,Rhodia,Ybarra,rybarraga@ustream.tv,Female,1974-11-26
416-34-4209,Kim,Jumonet,kjumonetgb@wufoo.com,Female,1991-11-18
102-85-8139,Kile,Yannoni,kyannonigc@hibu.com,Male,2002-11-20
137-53-3422,Hanan,Furlow,hfurlowgd@slideshare.net,Male,1990-10-06
688-31-7033,Liane,Beldom,lbeldomge@google.ca,Female,1951-10-07
713-66-5465,Daron,McIndoe,dmcindoegf@tinyurl.com,Female,2000-05-07
114-54-6581,Janela,Soal,jsoalgg@odnoklassniki.ru,Female,1959-08-08
608-96-3942,Cheslie,Devinn,cdevinngh@noaa.gov,Female,1946-09-17
227-26-6650,Cliff,Sieghard,csieghardgi@guardian.co.uk,Male,1990-07-22
301-49-6712,Simona,Wimes,swimesgj@home.pl,Female,1999-01-17
656-95-0343,Giraldo,Luisetti,gluisettigk@cloudflare.com,Male,1973-09-25
237-69-3075,Loni,Pettipher,lpettiphergl@elegantthemes.com,Female,2000-04-26
136-19-0706,Reagen,Raitt,rraittgm@nationalgeographic.com,Male,1984-12-28
846-45-5356,Claudina,Penhearow,cpenhearowgn@lycos.com,Female,1944-12-11
597-39-0310,Gareth,Hastwell,ghastwellgo@ning.com,Male,1948-03-03
873-41-1610,Felice,Chesman,fchesmangp@merriam-webster.com,Male,1977-12-28
168-11-0070,Terrijo,Brasseur,tbrasseurgq@wunderground.com,Female,1943-04-20
606-69-7253,Meridith,Marsay,mmarsaygr@go.com,Female,1969-01-17
482-91-3991,Jillian,Ballard,jballardgs@mac.com,Female,1948-11-13
486-20-2159,Waverly,Correa,wcorreagt@4shared.com,Male,1957-07-20
871-46-2516,Norine,Brewitt,nbrewittgu@epa.gov,Female,2001-09-04
831-25-6178,Byrom,Moseley,bmoseleygv@yellowbook.com,Male,1991-04-02
890-05-8050,Sully,Loddy,sloddygw@pagesperso-orange.fr,Male,1990-04-26
406-85-2541,Danyelle,Gladwish,dgladwishgx@phpbb.com,Female,1974-07-09
728-14-1910,Korrie,Chagg,kchagggy@amazonaws.com,Female,1940-05-21
762-81-1704,Salomon,Colbourn,scolbourngz@ucoz.com,Male,1983-10-19
284-65-9082,Lonnie,Batisse,lbatisseh0@prweb.com,Female,1945-06-15
636-38-7675,Filmore,Jerzykiewicz,fjerzykiewiczh1@dmoz.org,Male,1986-06-29
787-50-8326,Claribel,Hendriksen,chendriksenh2@redcross.org,Female,1997-11-20
402-92-0360,Sena,Docwra,sdocwrah3@chronoengine.com,Female,1993-03-16
371-82-3243,Kandy,Luten,klutenh4@about.me,Female,1979-12-19
753-79-6146,Craggy,Tanser,ctanserh5@amazon.co.uk,Male,1967-04-22
612-17-2941,Ebeneser,Mochar,emocharh6@people.com.cn,Male,1972-01-08
281-97-4731,Cyndie,Fellini,cfellinih7@jigsy.com,Female,1987-09-03
496-39-0100,Hermon,McComiskey,hmccomiskeyh8@deliciousdays.com,Male,1957-12-09
647-95-6416,Simone,Castelletti,scastellettih9@imageshack.us,Female,1959-02-23
110-92-3611,Carlie,Strotton,cstrottonha@cbsnews.com,Male,1957-06-11
565-16-8951,Eilis,Pughe,epughehb@nationalgeographic.com,Female,1990-12-06
789-67-1883,Abbi,Allport,aallporthc@themeforest.net,Female,1986-07-07
582-88-6957,Salli,Oseland,soselandhd@webs.com,Female,1999-03-10
872-55-3078,Vivie,Murkin,vmurkinhe@rambler.ru,Female,1993-08-15
837-41-8311,Billy,Potzold,bpotzoldhf@so-net.ne.jp,Female,1981-03-22
328-97-9118,Matt,Sans,msanshg@blog.com,Male,1995-04-04
781-43-8783,Wenda,Pavlata,wpavlatahh@wikipedia.org,Female,1987-06-13
304-12-5953,Mervin,Kopfer,mkopferhi@google.de,Male,1965-12-30
270-63-0505,Emilio,Penkethman,epenkethmanhj@macromedia.com,Male,2000-04-11
692-77-6225,Evangelia,Folger,efolgerhk@aol.com,Female,2003-07-12
141-95-7337,Alta,Joule,ajoulehl@comsenz.com,Female,1965-04-01
214-40-9829,Malinda,Strephan,mstrephanhm@gmpg.org,Female,1996-07-24
871-86-9874,Keefe,MacNaughton,kmacnaughtonhn@hhs.gov,Male,1967-11-15
298-93-2697,Ralina,Hubane,rhubaneho@baidu.com,Female,1958-07-13
765-12-6997,Brewster,Penrose,bpenrosehp@studiopress.com,Male,1992-07-03
688-44-2594,Carlynne,Leal,clealhq@ebay.com,Female,1974-07-01
285-25-6874,Paula,Dinneen,pdinneenhr@redcross.org,Female,1963-06-06
547-93-0626,Svend,Pessel,spesselhs@salon.com,Male,1969-02-16
484-54-8205,Eula,Helm,ehelmht@example.com,Female,1974-05-18
851-09-3486,Kennett,MacDwyer,kmacdwyerhu@oakley.com,Male,1957-02-13
861-18-7080,Yetta,Carabine,ycarabinehv@dropbox.com,Female,2003-02-04
525-08-1618,Bondie,Syphas,bsyphashw@utexas.edu,Male,1989-07-09
827-11-6547,Agustin,Glassopp,aglassopphx@indiatimes.com,Male,1979-03-31
498-53-3888,Shina,Castiglio,scastigliohy@miibeian.gov.cn,Female,1994-02-11
432-51-9666,Adamo,Thormann,athormannhz@over-blog.com,Male,1945-02-28
875-70-2770,Jakie,Stent,jstenti0@google.cn,Male,2002-11-03
120-51-8168,Marcile,Craggs,mcraggsi1@tripod.com,Female,1951-12-12
704-40-6173,Jackqueline,Cymper,jcymperi2@fastcompany.com,Female,1971-05-16
330-19-7212,Adelbert,Taffie,ataffiei3@ucsd.edu,Male,1966-11-30
889-96-5808,Saul,Maplestone,smaplestonei4@answers.com,Male,1974-04-27
481-32-5324,Matilda,Boig,mboigi5@hc360.com,Female,1982-12-26
601-21-9730,Cam,Sleaford,csleafordi6@skype.com,Male,1942-06-19
270-84-3802,Lilllie,Wathall,lwathalli7@nps.gov,Female,1980-06-13
241-64-6108,Hewet,Leser,hleseri8@tripadvisor.com,Male,1950-01-14
826-76-9513,Lonny,O'Logan,lologani9@hao123.com,Male,2004-08-21
632-31-9896,Gloriane,Paaso,gpaasoia@dailymail.co.uk,Female,1946-06-01
119-75-9153,Callie,Joseph,cjosephib@domainmarket.com,Female,1989-03-24
489-18-1823,Jehu,Molan,jmolanic@mozilla.org,Male,1940-09-21
567-70-9880,Bartholomeo,Josilevich,bjosilevichid@usgs.gov,Male,1941-05-22
317-16-7164,Porty,Dmytryk,pdmytrykie@slideshare.net,Male,1958-10-14
633-44-7591,Richy,Ghilardini,rghilardiniif@tripod.com,Male,1950-07-08
127-88-2362,Lissa,Burt,lburtig@ft.com,Female,1991-06-27
829-36-1871,Roseanna,Cornehl,rcornehlih@sogou.com,Female,1950-08-25
189-78-9530,Dee dee,Tott,dtottii@360.cn,Female,1959-01-02
857-96-7674,Kipper,Dudbridge,kdudbridgeij@msn.com,Male,1991-09-09
566-14-7184,Booth,Yakov,byakovik@cafepress.com,Male,1998-07-23
722-19-6551,Brittan,Bagnall,bbagnallil@mlb.com,Female,1942-09-10
171-35-0203,Burch,Fontaine,bfontaineim@dailymail.co.uk,Male,1970-04-01
619-07-5904,Franciska,Colegrove,fcolegrovein@cyberchimps.com,Female,1975-09-06
210-94-6890,Frasier,Orsi,forsiio@4shared.com,Male,1941-12-13
179-77-2148,Brantley,Greenmon,bgreenmonip@princeton.edu,Male,1944-02-22
820-68-0388,Normand,Easter,neasteriq@google.co.jp,Male,1999-02-10
589-41-1833,Noel,Dibbs,ndibbsir@blogtalkradio.com,Male,1957-12-20
814-08-0041,Robenia,Ascrofte,rascrofteis@si.edu,Female,1974-01-24
284-59-6844,Norman,Fritter,nfritterit@cyberchimps.com,Male,1969-07-23
665-62-2921,Harwilll,Platfoot,hplatfootiu@umich.edu,Male,1969-06-10
514-55-5619,Dulcia,Toffts,dtofftsiv@gmpg.org,Female,1954-07-10
513-80-0240,Viviene,Mabey,vmabeyiw@google.com,Female,1972-10-02
785-30-8720,Ronny,Matfield,rmatfieldix@joomla.org,Male,1945-01-05
441-07-5817,Corilla,Skene,cskeneiy@timesonline.co.uk,Female,1975-12-07
357-51-5130,Marjory,Reece,mreeceiz@youtube.com,Female,1971-10-02
146-81-5065,Raine,Brownsea,rbrownseaj0@flickr.com,Female,1969-05-28
581-24-5092,Codie,Karpeev,ckarpeevj1@zimbio.com,Male,1945-12-11
313-39-0344,Wilone,Jewar,wjewarj2@51.la,Female,1979-12-22
723-60-8070,Valene,Bullivant,vbullivantj3@archive.org,Female,1970-03-04
791-47-1633,Gorden,Alebrooke,galebrookej4@narod.ru,Male,1993-07-19
389-03-4707,Hubie,Sanz,hsanzj5@springer.com,Male,1978-10-02
388-28-5220,Melonie,Girone,mgironej6@pinterest.com,Female,1947-04-15
179-68-7403,Adriano,Vicioso,aviciosoj7@si.edu,Male,1972-05-03
450-95-1315,Auroora,Tricker,atrickerj8@ocn.ne.jp,Female,1989-12-01
611-65-7186,Kaye,Winkett,kwinkettj9@bloglines.com,Female,1949-10-03
887-01-1673,Fredia,Hedling,fhedlingja@com.com,Female,1964-02-09
386-30-1237,Elana,Geare,egearejb@gravatar.com,Female,1983-09-15
401-94-9303,Adelind,Wyldes,awyldesjc@businessweek.com,Female,1994-01-25
470-55-1261,Haily,Braban,hbrabanjd@cyberchimps.com,Female,1995-01-08
298-49-8129,Amery,Luty,alutyje@slideshare.net,Male,1989-09-18
709-37-1057,Caresa,Santino,csantinojf@zimbio.com,Female,1969-08-29
757-52-3772,Kakalina,Tuminelli,ktuminellijg@hud.gov,Female,1950-05-20
349-91-0606,Kassie,Smerdon,ksmerdonjh@scientificamerican.com,Female,1963-06-19
790-36-2031,Linoel,Gravestone,lgravestoneji@de.vu,Male,1959-12-22
256-34-8471,Cordy,Dimberline,cdimberlinejj@photobucket.com,Male,1949-12-29
809-41-5709,Ariadne,Doolan,adoolanjk@pagesperso-orange.fr,Female,1992-09-15
430-70-5055,Ladonna,Sodo,lsodojl@youtube.com,Female,1991-03-13
483-47-0818,Glen,Jochanany,gjochananyjm@php.net,Male,1996-11-08
217-28-3748,Dion,Pesticcio,dpesticciojn@google.cn,Male,2001-05-17
791-99-8798,Fabio,Prewer,fprewerjo@acquirethisname.com,Male,1993-07-26
344-12-8027,Marcelle,Wharby,mwharbyjp@photobucket.com,Female,1991-08-26
521-66-1277,Daryn,Matieu,dmatieujq@seesaa.net,Female,1948-01-04
875-33-4087,Alastair,Holdall,aholdalljr@goodreads.com,Male,1946-09-07
339-72-1479,Inglis,Pitcaithly,ipitcaithlyjs@virginia.edu,Male,1963-06-02
559-91-0096,Rafael,Cook,rcookjt@theguardian.com,Male,1992-10-20
124-52-9840,Edd,Huett,ehuettju@ibm.com,Male,1959-12-09
210-38-1166,Sunny,Kiloh,skilohjv@prnewswire.com,Male,1962-09-18
393-08-3346,Wolfy,Lodder,wlodderjw@reference.com,Male,1964-12-09
442-39-9671,Vera,Burbudge,vburbudgejx@dion.ne.jp,Female,1979-09-26
472-19-7692,Lief,Lorkings,llorkingsjy@arizona.edu,Male,1984-05-21
230-98-5313,Marthe,Orsay,morsayjz@cisco.com,Female,1949-03-07
771-86-1805,Abby,Jeff,ajeffk0@friendfeed.com,Male,1955-02-18
440-60-4305,Royce,Cambridge,rcambridgek1@technorati.com,Male,1943-05-24
592-50-9322,Beverly,Farman,bfarmank2@adobe.com,Female,1943-06-08
637-53-5994,Stephen,McCowan,smccowank3@un.org,Male,1985-01-21
847-47-9963,Melodee,Wapplington,mwapplingtonk4@state.tx.us,Female,1943-12-05
280-02-1954,Walther,Dalman,wdalmank5@woothemes.com,Male,1953-10-27
779-62-1055,Hesther,Patrie,hpatriek6@eventbrite.com,Female,1969-06-26
326-80-7224,Birgit,Burney,bburneyk7@shop-pro.jp,Female,1952-08-30
734-61-5240,Ashleigh,Traite,atraitek8@i2i.jp,Female,1945-02-28
594-91-1721,Ludvig,Illesley,lillesleyk9@dot.gov,Male,1952-08-20
444-51-3500,Jilli,Branno,jbrannoka@utexas.edu,Female,1972-10-14
714-13-9722,Rey,Ubank,rubankkb@sphinn.com,Female,1966-12-13
214-55-0022,Garnette,Hazael,ghazaelkc@studiopress.com,Female,1942-06-27
653-07-9406,Ransell,Cornely,rcornelykd@webeden.co.uk,Male,1963-12-30
794-12-8044,Blaine,Firmin,bfirminke@360.cn,Male,1976-12-27
762-85-8516,Tymon,McNicol,tmcnicolkf@hatena.ne.jp,Male,1981-11-03
380-97-5024,Gwendolen,Abramowitch,gabramowitchkg@adobe.com,Female,1981-10-02
165-41-3953,Bail,Philot,bphilotkh@omniture.com,Male,1967-11-28
710-76-5001,Bird,Romand,bromandki@miitbeian.gov.cn,Female,1967-07-14
117-33-3263,Zed,Pender,zpenderkj@cnn.com,Male,1979-10-23
680-52-8107,Rodie,Danilowicz,rdanilowiczkk@xinhuanet.com,Female,1971-06-02
856-53-0555,Ingelbert,Betteridge,ibetteridgekl@webnode.com,Male,1941-03-25
577-50-1586,Ambur,Dundon,adundonkm@nasa.gov,Female,1962-08-14
451-84-8256,Myles,Perrone,mperronekn@shareasale.com,Male,1966-03-15
677-51-1618,Putnam,Gooch,pgoochko@amazon.de,Male,1948-07-01
280-54-1750,Nanon,Oldis,noldiskp@yellowbook.com,Female,1975-06-14
357-53-6176,Les,Benson,lbensonkq@surveymonkey.com,Male,1957-01-16
218-25-2431,Whitaker,Aulds,wauldskr@slideshare.net,Male,1941-08-16
569-50-7773,Dalis,Almon,dalmonks@washingtonpost.com,Male,1999-10-22
671-73-7270,Sigmund,Delea,sdeleakt@pagesperso-orange.fr,Male,1985-11-29
809-51-3266,Giorgio,Well,gwellku@vistaprint.com,Male,1965-03-17
419-33-4751,Griswold,Callen,gcallenkv@webmd.com,Male,1951-09-04
275-48-0940,Addia,Titheridge,atitheridgekw@guardian.co.uk,Female,1975-01-07
852-04-2550,Skippie,Stebbins,sstebbinskx@devhub.com,Male,1970-01-07
876-58-0432,Andreana,Ryall,aryallky@dyndns.org,Female,2002-02-10
493-14-1635,Kaitlynn,Tuckey,ktuckeykz@merriam-webster.com,Female,1949-05-28
465-42-8686,Simone,Iskowicz,siskowiczl0@bandcamp.com,Male,1979-09-12
409-72-6342,Jory,Linnock,jlinnockl1@godaddy.com,Male,1979-08-02
369-55-8557,Fritz,Meriot,fmeriotl2@360.cn,Male,1946-08-26
313-23-9747,Leoline,Batterbee,lbatterbeel3@phoca.cz,Female,1982-04-16
274-45-2581,Kerwin,McGill,kmcgilll4@tiny.cc,Male,1949-11-18
322-81-6884,Ottilie,Guillford,oguillfordl5@vistaprint.com,Female,1968-03-09
551-47-7267,Christye,Titchmarsh,ctitchmarshl6@nsw.gov.au,Female,2002-08-05
430-04-8417,Keriann,Caffin,kcaffinl7@slideshare.net,Female,1969-04-29
775-77-4358,Osborne,Prene,oprenel8@ibm.com,Male,1948-07-29
664-66-4271,Galvin,Crawshaw,gcrawshawl9@noaa.gov,Male,1964-03-22
840-28-5195,Washington,House,whousela@umich.edu,Male,1991-02-08
816-30-9083,Barbara,Seekings,bseekingslb@weibo.com,Female,2002-12-01
165-58-7493,Guillaume,Prugel,gprugellc@usnews.com,Male,1944-12-15
602-20-3931,Tiebold,Benditt,tbendittld@hc360.com,Male,1982-07-02
379-78-1736,Alfredo,Woolveridge,awoolveridgele@kickstarter.com,Male,1975-01-10
588-05-3261,Klement,Fosdick,kfosdicklf@linkedin.com,Male,2001-04-27
426-36-1637,Lianna,Philipard,lphilipardlg@creativecommons.org,Female,1999-05-19
856-75-1331,Herby,Weathey,hweatheylh@sun.com,Male,1990-05-19
602-55-4075,Archibaldo,Maydway,amaydwayli@hostgator.com,Male,1989-12-13
673-68-8830,Elli,Dunthorn,edunthornlj@edublogs.org,Female,1997-07-07
290-48-7397,Lindie,Drejer,ldrejerlk@edublogs.org,Female,1954-08-03
716-96-5462,Lin,Langlands,llanglandsll@usda.gov,Female,2004-07-25
654-37-8814,Emmit,Verduin,everduinlm@army.mil,Male,1960-11-15
123-04-0304,Carolin,Filchagin,cfilchaginln@home.pl,Female,1968-11-03
130-22-6139,Son,Hammerberg,shammerberglo@soup.io,Male,1965-04-14
847-56-6443,Maxi,Bembrick,mbembricklp@hp.com,Female,1952-05-15
596-97-8971,Emmey,Uzielli,euziellilq@drupal.org,Female,1971-09-30
511-64-2526,Camille,Benedetti,cbenedettilr@irs.gov,Female,1943-05-18
794-72-2919,Sheridan,Serris,sserrisls@businessweek.com,Male,1949-05-04
674-65-9864,Alford,Stothard,astothardlt@pbs.org,Male,1979-08-23
519-23-7744,Adey,MacKaig,amackaiglu@ca.gov,Female,2002-12-20
263-87-4625,Laughton,Uttley,luttleylv@chron.com,Male,1940-11-30
779-71-5242,Clayson,Gilling,cgillinglw@nbcnews.com,Male,2004-11-08
859-06-8212,Curtice,Apted,captedlx@accuweather.com,Male,1997-05-27
672-56-8728,Marna,Lepoidevin,mlepoidevinly@hostgator.com,Female,1971-05-13
686-71-0854,Flora,Henriques,fhenriqueslz@is.gd,Female,2004-07-04
731-71-2016,Nevsa,Wainscot,nwainscotm0@rakuten.co.jp,Female,1954-11-21
749-33-9483,Wald,Dayment,wdaymentm1@ezinearticles.com,Male,1959-07-01
751-85-1188,Alano,Sherrocks,asherrocksm2@amazonaws.com,Male,1984-08-21
449-27-7446,Elliot,Brookbank,ebrookbankm3@google.es,Male,1941-08-17
382-45-6304,Meridith,Sidaway,msidawaym4@dailymotion.com,Female,1992-11-01
101-37-9890,Jourdain,Barbrick,jbarbrickm5@1688.com,Male,1999-04-27
801-23-9841,Kacey,Muzzini,kmuzzinim6@prnewswire.com,Female,1965-10-16
281-30-9016,Licha,Stabler,lstablerm7@marketwatch.com,Female,2004-09-27
845-69-1299,Stan,Gaskoin,sgaskoinm8@cbslocal.com,Male,1964-09-26
756-11-2271,Court,Yewman,cyewmanm9@vkontakte.ru,Male,1994-10-08
397-88-7935,Joel,Skeggs,jskeggsma@de.vu,Male,1940-12-17
616-85-8752,Melvin,Wattam,mwattammb@cnet.com,Male,1965-07-17
812-93-3070,Delmor,Websdale,dwebsdalemc@google.ru,Male,2000-03-13
864-08-4121,Suzanna,Chese,schesemd@senate.gov,Female,1997-03-25
506-51-5584,Sher,Melody,smelodyme@simplemachines.org,Female,1957-10-24
171-69-7252,Jock,Halm,jhalmmf@discuz.net,Male,1961-12-29
770-42-2403,Cissiee,Dugan,cduganmg@ifeng.com,Female,1992-06-18
761-78-9277,Constanta,Balcon,cbalconmh@latimes.com,Female,1959-10-25
207-43-9214,Llewellyn,Millam,lmillammi@xinhuanet.com,Male,1992-10-29
273-55-7468,Cirillo,Kermitt,ckermittmj@lulu.com,Male,1996-09-30
371-31-2676,Fidole,Blatcher,fblatchermk@sitemeter.com,Male,1970-03-02
723-94-8581,Clemente,Carrett,ccarrettml@kickstarter.com,Male,1941-03-09
541-11-1466,Rudolph,Glassard,rglassardmm@barnesandnoble.com,Male,1976-06-17
445-53-0335,Kalvin,Ainslee,kainsleemn@hubpages.com,Male,1977-08-09
551-48-2163,Gussy,Billborough,gbillboroughmo@tumblr.com,Female,1962-03-07
277-38-8249,Jordan,Caron,jcaronmp@arizona.edu,Female,1980-09-03
520-57-4604,Isis,Hradsky,ihradskymq@booking.com,Female,1951-08-24
671-50-2427,Henrik,Byforth,hbyforthmr@umn.edu,Male,1982-03-23
586-80-7266,Jabez,Kenwin,jkenwinms@patch.com,Male,1953-09-13
761-45-2375,Jervis,Dorton,jdortonmt@multiply.com,Male,1952-02-10
566-78-7194,Caritta,Durdy,cdurdymu@nasa.gov,Female,1976-12-25
897-47-3798,Sandor,McKevin,smckevinmv@csmonitor.com,Male,1972-08-22
624-88-1858,Lorrie,Nash,lnashmw@fema.gov,Male,1961-09-28
243-05-2519,Cross,Danilevich,cdanilevichmx@tamu.edu,Male,1994-03-25
381-38-5798,Crissy,Bignal,cbignalmy@yelp.com,Female,1971-04-25
309-40-5346,Perla,Godley,pgodleymz@webmd.com,Female,1962-07-01
784-80-9932,Nonah,Klemps,nklempsn0@bing.com,Female,1998-10-04
199-75-6444,Lutero,Mingauld,lmingauldn1@tiny.cc,Male,1949-11-07
801-12-6697,Derril,Shale,dshalen2@nbcnews.com,Male,1968-02-23
497-14-3498,Corbett,Mitie,cmitien3@google.de,Male,1943-01-04
124-59-6892,Raye,Van Arsdall,rvanarsdalln4@columbia.edu,Female,1962-10-23
185-65-0539,Stanwood,Rhodef,srhodefn5@google.de,Male,1968-01-18
252-85-9201,Riordan,Goranov,rgoranovn6@google.nl,Male,1985-10-20
733-26-0333,Waring,Byrcher,wbyrchern7@oakley.com,Male,1959-12-15
753-91-8137,Antonio,Pretorius,apretoriusn8@canalblog.com,Male,1959-10-27
713-60-2371,Obidiah,Van Weedenburg,ovanweedenburgn9@pinterest.com,Male,1984-09-10
630-55-3645,Giacomo,Spinas,gspinasna@thetimes.co.uk,Male,1946-12-20
717-55-8367,Hunt,MacElroy,hmacelroynb@google.it,Male,1997-02-22
783-81-7935,Nikki,Tessyman,ntessymannc@bbc.co.uk,Female,1954-09-21
606-74-2629,Tammi,Dooler,tdoolernd@rambler.ru,Female,1989-06-27
208-42-3431,Tuck,Stitson,tstitsonne@ning.com,Male,2000-04-21
680-33-6647,Garey,Hlavac,ghlavacnf@google.it,Male,1963-02-02
628-41-6362,Jourdan,Blasius,jblasiusng@blogtalkradio.com,Female,2003-07-17
264-05-9533,Philippe,Humphrey,phumphreynh@tuttocitta.it,Female,1955-01-22
610-63-2321,Lotti,Palfery,lpalferyni@alibaba.com,Female,1946-09-11
156-30-6978,Abbe,Rapps,arappsnj@intel.com,Male,1973-10-11
506-36-2275,Muffin,Arkwright,markwrightnk@squidoo.com,Female,1995-07-31
541-78-7312,Aurea,Andri,aandrinl@dailymail.co.uk,Female,1992-03-09
169-44-4285,Erica,Ciotti,eciottinm@eventbrite.com,Female,1996-09-18
279-12-4903,Moreen,Fouracres,mfouracresnn@flavors.me,Female,1941-05-31
334-45-1171,Manfred,Ribeiro,mribeirono@mediafire.com,Male,1969-05-09
228-42-6053,Geordie,Laimable,glaimablenp@vinaora.com,Male,1963-03-06
401-91-1170,Sherlock,Errey,serreynq@parallels.com,Male,2000-08-11
622-49-0111,Vinnie,Mulheron,vmulheronnr@shop-pro.jp,Female,1973-08-20
490-12-0997,Kris,Kuna,kkunans@time.com,Female,1991-08-11
404-08-0720,Nanon,Wibrow,nwibrownt@amazon.co.jp,Female,1988-11-13
254-35-7591,Annabelle,Banbrick,abanbricknu@jalbum.net,Female,1952-05-06
724-08-2678,Kyla,McCowan,kmccowannv@simplemachines.org,Female,1943-07-25
313-96-2177,Raphael,Brotherheed,rbrotherheednw@chicagotribune.com,Male,1963-03-09
294-36-1611,Faustine,Skermer,fskermernx@wisc.edu,Female,1951-07-17
246-71-0003,Berry,Klugel,bklugelny@sourceforge.net,Female,1984-03-09
861-42-1865,Jaimie,Maykin,jmaykinnz@linkedin.com,Male,1967-10-18
880-60-4282,Tan,Lourens,tlourenso0@dropbox.com,Male,2001-10-28
101-57-1946,Moore,Tofano,mtofanoo1@jiathis.com,Male,1991-10-26
392-53-2467,Douglas,Shawyers,dshawyerso2@jalbum.net,Male,1959-04-03
696-77-9226,Aldridge,Milier,amiliero3@theatlantic.com,Male,1943-08-15
759-64-7992,Odelia,Siret,osireto4@patch.com,Female,1999-09-08
493-97-7190,Ashien,Antuoni,aantuonio5@tumblr.com,Female,1950-08-05
245-83-2140,Annaliese,Vowles,avowleso6@networkadvertising.org,Female,1965-03-11
769-33-8731,Sullivan,Novak,snovako7@constantcontact.com,Male,1986-03-01
740-67-4417,Arri,Rowbrey,arowbreyo8@sphinn.com,Male,1948-01-02
640-38-2755,Roseanne,Coldbreath,rcoldbreatho9@theguardian.com,Female,1944-08-16
124-42-4478,Sibby,Scamp,sscampoa@tuttocitta.it,Female,1955-07-25
146-67-1828,Dick,Hanhart,dhanhartob@goodreads.com,Male,1956-06-08
665-58-7216,Ezri,Fairnington,efairningtonoc@comcast.net,Male,1991-06-13
871-08-1669,Merla,Gantzer,mgantzerod@sohu.com,Female,2003-01-24
853-11-2379,Olga,Linton,olintonoe@umich.edu,Female,1997-11-12
592-90-9558,Betta,Plues,bpluesof@hostgator.com,Female,1996-07-10
331-24-8739,Amby,Hostan,ahostanog@arizona.edu,Male,2003-04-26
702-31-9695,Bryn,Ambrozewicz,bambrozewiczoh@archive.org,Female,1993-01-22
503-09-5065,Amata,Alexsandrev,aalexsandrevoi@theatlantic.com,Female,1969-08-31
866-43-7312,Guillaume,Cayle,gcayleoj@webs.com,Male,1977-10-27
708-78-8010,Johnathon,Severn,jsevernok@apple.com,Male,1969-08-29
210-11-9907,Elita,Rankmore,erankmoreol@pcworld.com,Female,1974-08-03
418-44-2642,Evey,Dracksford,edracksfordom@pagesperso-orange.fr,Female,1970-04-03
530-02-3613,Sigismondo,Hanratty,shanrattyon@auda.org.au,Male,1942-06-16
786-93-7012,Gaby,Stable,gstableoo@github.io,Male,1947-06-08
662-72-8364,Hermy,Luto,hlutoop@techcrunch.com,Male,1944-06-14
305-70-7698,Fiona,Deathridge,fdeathridgeoq@canalblog.com,Female,1996-07-11
622-76-9272,Shanie,Gaspero,sgasperoor@zdnet.com,Female,1979-04-16
602-66-6824,Mariana,Brissard,mbrissardos@mashable.com,Female,1959-03-14
172-54-8694,Jecho,Gouda,jgoudaot@facebook.com,Male,1950-01-02
830-93-5369,Clemente,Spray,csprayou@google.com.br,Male,1940-10-08
138-42-5954,Sasha,Cater,scaterov@cam.ac.uk,Male,1994-06-11
518-62-8651,Salvidor,Penquet,spenquetow@businessinsider.com,Male,1958-06-27
214-82-5724,Olvan,Tewkesberrie,otewkesberrieox@nsw.gov.au,Male,1994-12-08
280-26-1109,Lemuel,Shrigley,lshrigleyoy@plala.or.jp,Male,1987-04-28
148-15-9603,Killie,Huison,khuisonoz@blogspot.com,Male,1996-02-18
341-73-9237,Brnaby,Bendley,bbendleyp0@microsoft.com,Male,1963-01-28
556-74-1114,Vinny,Rannigan,vranniganp1@smugmug.com,Female,1942-12-03
349-59-1870,Carmita,Buie,cbuiep2@livejournal.com,Female,1957-02-07
380-03-1148,Bowie,Loutheane,bloutheanep3@vkontakte.ru,Male,1948-11-23
677-14-6318,Lindsay,Leverette,lleverettep4@alexa.com,Male,1941-09-19
131-77-8930,Corrina,Cerro,ccerrop5@digg.com,Female,1965-06-11
769-02-6498,Loren,Antoniades,lantoniadesp6@g.co,Male,1967-09-10
144-20-4576,Miles,Wong,mwongp7@hugedomains.com,Male,1940-09-26
380-77-9600,Alessandra,Burkill,aburkillp8@pcworld.com,Female,1985-08-31
294-83-2095,Blanche,Creaser,bcreaserp9@ow.ly,Female,1994-09-29
481-24-8001,Red,Brolechan,rbrolechanpa@nih.gov,Male,1957-04-01
444-48-3507,Nikki,Walliker,nwallikerpb@google.fr,Female,1953-01-03
737-62-3586,Clemmie,Brookson,cbrooksonpc@example.com,Female,1997-09-09
130-53-5556,Doralynn,Greenrod,dgreenrodpd@mozilla.org,Female,1963-09-27
390-11-5313,Aleda,Hendrickson,ahendricksonpe@stumbleupon.com,Female,1952-03-02
792-64-5790,Lisa,Bouch,lbouchpf@arizona.edu,Female,1942-06-01
397-78-4642,Albie,Leggat,aleggatpg@google.co.jp,Male,1965-03-31
753-60-2400,Ardenia,Oventon,aoventonph@foxnews.com,Female,1957-02-01
210-80-9610,Ivan,Grob,igrobpi@list-manage.com,Male,1942-11-26
211-42-2050,Lacey,Niemiec,lniemiecpj@google.de,Female,1989-03-06
401-58-1713,Noami,Tweedie,ntweediepk@ameblo.jp,Female,1999-09-25
106-79-1722,Britt,Kupisz,bkupiszpl@theglobeandmail.com,Female,1973-08-21
777-38-0727,Jordain,Caroll,jcarollpm@networkadvertising.org,Female,1971-08-31
261-76-3064,Kelwin,Langhorne,klanghornepn@edublogs.org,Male,1949-07-19
603-51-0008,Darryl,Martusov,dmartusovpo@php.net,Female,2000-09-27
471-45-0877,Robena,Duerdin,rduerdinpp@github.com,Female,1997-09-26
556-85-5643,Sherlock,Hawkswood,shawkswoodpq@wunderground.com,Male,1942-08-13
770-73-2064,Sal,Baunton,sbauntonpr@twitpic.com,Male,2003-07-23
866-23-7275,Dannye,Marcinkowski,dmarcinkowskips@pcworld.com,Female,1975-02-26
245-01-1415,Glyn,Lathy,glathypt@sun.com,Male,1994-12-04
303-14-4400,Thomasin,Treacher,ttreacherpu@last.fm,Female,1986-03-26
546-46-7232,Therese,Pharaoh,tpharaohpv@census.gov,Female,1963-11-19
349-19-0446,Shamus,Sillitoe,ssillitoepw@shutterfly.com,Male,1995-04-24
141-37-5300,Efren,Tooher,etooherpx@youtu.be,Male,1985-08-07
334-67-3394,Wayland,Pee,wpeepy@360.cn,Male,1995-08-18
599-72-5840,Tobias,Rolse,trolsepz@acquirethisname.com,Male,1980-01-26
414-99-8925,Ayn,Humber,ahumberq0@multiply.com,Female,1992-09-10
125-61-9191,Townsend,Husband,thusbandq1@bluehost.com,Male,1993-02-18
498-08-1703,Rozalie,Girke,rgirkeq2@ucsd.edu,Female,1991-05-14
409-83-6897,Jude,Ryles,jrylesq3@springer.com,Male,2003-03-22
328-66-9353,Kimberley,Warburton,kwarburtonq4@jalbum.net,Female,1974-01-04
401-01-2276,Sumner,Milleton,smilletonq5@cpanel.net,Male,1972-09-18
166-50-7501,Annabelle,Beany,abeanyq6@dot.gov,Female,1954-04-26
312-42-8705,Lew,Stowell,lstowellq7@nba.com,Male,1983-02-15
673-61-6877,Sigismundo,Wimpress,swimpressq8@miitbeian.gov.cn,Male,1950-06-15
416-35-3745,Broddie,Josowitz,bjosowitzq9@is.gd,Male,1950-04-30
739-67-3943,Melantha,Cantero,mcanteroqa@newsvine.com,Female,1990-06-16
194-35-9935,Dwayne,Kidsley,dkidsleyqb@barnesandnoble.com,Male,1952-01-17
140-09-6018,Eve,Sambles,esamblesqc@goo.gl,Female,1972-05-11
834-99-0450,Adair,Lorenz,alorenzqd@alibaba.com,Male,1973-05-11
373-46-0863,Cheston,Welfare,cwelfareqe@behance.net,Male,2001-09-01
767-95-5522,Nickolaus,Ridgway,nridgwayqf@hp.com,Male,1971-04-19
207-45-7045,Micah,Exall,mexallqg@lulu.com,Male,1948-04-11
584-66-2425,Paloma,Harly,pharlyqh@vk.com,Female,1987-06-04
565-67-4567,Duky,Brunon,dbrunonqi@ning.com,Male,1948-09-29
227-13-6945,Fanni,O'Lagene,folageneqj@squidoo.com,Female,1950-12-14
772-79-9675,Karoline,Danaher,kdanaherqk@storify.com,Female,1981-09-28
295-71-0724,Dredi,Skinn,dskinnql@nih.gov,Female,1980-01-11
506-35-7749,Humfrid,Woolway,hwoolwayqm@yellowbook.com,Male,1973-03-16
463-78-6736,Galen,Bounde,gboundeqn@privacy.gov.au,Male,1942-04-13
885-18-7837,Lynn,Willard,lwillardqo@rambler.ru,Female,1993-09-24
185-99-0943,Johan,Adamides,jadamidesqp@dailymotion.com,Male,1995-06-04
796-64-7924,Daisey,Heath,dheathqq@mac.com,Female,1955-04-29
522-92-1871,Zora,Corradini,zcorradiniqr@comsenz.com,Female,1992-11-29
494-56-6406,Carrie,Tomsa,ctomsaqs@blogger.com,Female,1962-08-17
243-27-6252,Hermine,Garrigan,hgarriganqt@patch.com,Female,1944-01-02
451-95-5886,Myrna,Woodyer,mwoodyerqu@moonfruit.com,Female,1991-01-05
156-31-5303,Willey,Morshead,wmorsheadqv@google.com.br,Male,1980-01-25
216-16-3171,Aldwin,Nacey,anaceyqw@tiny.cc,Male,1945-08-13
553-67-8982,Parry,Deport,pdeportqx@theglobeandmail.com,Male,2002-04-11
289-73-5140,Edouard,Ramas,eramasqy@parallels.com,Male,1978-02-09
528-30-0049,Todd,Duddin,tduddinqz@bloomberg.com,Male,1973-03-31
435-87-3565,Carolina,Gonnelly,cgonnellyr0@feedburner.com,Female,1969-10-02
459-88-5165,Niel,Purrier,npurrierr1@ibm.com,Male,1990-03-17
760-38-4526,Amye,Wykes,awykesr2@craigslist.org,Female,2004-10-08
757-06-3890,Dominga,Shardlow,dshardlowr3@zimbio.com,Female,2003-05-01
418-39-1692,Ewan,Rowter,erowterr4@redcross.org,Male,1942-05-04
203-57-2111,Vilma,Darkin,vdarkinr5@uiuc.edu,Female,1987-02-17
406-83-0329,Marquita,Wretham,mwrethamr6@alibaba.com,Female,1960-04-20
766-86-8445,Jonell,Buckel,jbuckelr7@list-manage.com,Female,1972-11-20
557-10-8165,Ray,Trusse,rtrusser8@nydailynews.com,Male,1951-10-29
121-17-6546,Rich,Durham,rdurhamr9@creativecommons.org,Male,1970-11-16
296-24-9446,Hewet,Rallinshaw,hrallinshawra@unesco.org,Male,1960-01-31
130-30-6937,Masha,Rawls,mrawlsrb@wordpress.org,Female,1992-08-05
520-89-2400,Leslie,Digan,ldiganrc@cmu.edu,Female,1977-10-24
212-76-2529,Shepperd,Charer,scharerrd@wsj.com,Male,1979-11-12
879-35-8259,Charlton,Vidgen,cvidgenre@salon.com,Male,1966-04-24
243-35-1080,Devon,Towson,dtowsonrf@hud.gov,Female,1944-10-30
169-03-3856,Ruddie,Blankman,rblankmanrg@nymag.com,Male,1993-11-26
794-79-5459,Catie,Reidie,creidierh@engadget.com,Female,1975-12-26
357-28-6123,Ric,Burkinshaw,rburkinshawri@discuz.net,Male,1948-03-25
508-50-9562,Frankie,Delyth,fdelythrj@oracle.com,Female,1989-02-03
251-21-2846,Tracy,Yapp,tyapprk@photobucket.com,Female,1984-09-28
810-49-0788,Glynnis,Allain,gallainrl@networksolutions.com,Female,1961-02-16
536-67-8665,Peta,MacCaull,pmaccaullrm@aol.com,Female,1941-01-29
297-42-2388,Jerrie,Feldstein,jfeldsteinrn@abc.net.au,Male,1942-06-29
621-56-1029,Mallory,Thorneywork,mthorneyworkro@chron.com,Male,1975-04-10
748-62-9366,Hazel,Pere,hpererp@nydailynews.com,Male,1995-08-30
477-56-2039,Valry,Grose,vgroserq@istockphoto.com,Female,1945-03-27
336-75-7579,Gael,Kassman,gkassmanrr@de.vu,Female,1952-07-08